"Date(UTC)","BlockNumber","UnixTimeStamp","Value","ClientVersion"
"1/23/2019","7111289","1548202180","148312215754","2.2.7"
"1/24/2019","7116274","1548288519","149816647735","2.2.7"
"1/25/2019","7121375","1548374948","148748304220","2.2.7"
"1/26/2019","7126462","1548461373","148825677831","2.2.7"
"1/27/2019","7131517","1548547768","149213792743","2.2.7"
"1/28/2019","7136539","1548634184","149379140457","2.2.7"
"1/29/2019","7141416","1548720584","149482159665","2.2.7"
"1/30/2019","7146292","1548806992","150252319363","2.2.7"
"1/31/2019","7151230","1548893366","150040249034","2.2.7"
"2/1/2019","7156164","1548979719","150229784773","2.2.7"
"2/2/2019","7161012","1549066185","150488796034","2.2.7"
"2/3/2019","7165949","1549152555","150684050510","2.2.7"
"2/4/2019","7170805","1549238960","150807543467","2.2.7"
"2/5/2019","7175752","1549325378","150829117977","2.2.7"
"2/6/2019","7180654","1549411752","152411455263","2.2.7"
"2/7/2019","7185533","1549498146","151491578037","2.2.7"
"2/8/2019","7190465","1549584594","151482144154","2.2.7"
"2/9/2019","7195382","1549670996","151564161559","2.2.7"
"2/10/2019","7200281","1549757369","151908132484","2.2.7"
"2/11/2019","7204582","1549843745","151989257957","2.2.7"
"2/12/2019","7208771","1549930175","152043264956","2.2.7"
"2/13/2019","7213043","1550016550","152631196063","2.2.7"
"2/14/2019","7217203","1550102982","152597700963","2.2.7"
"2/15/2019","7221377","1550189370","152850348055","2.2.7"
"2/16/2019","7225536","1550275778","152923191099","2.2.10"
"2/17/2019","7231994","1550409175","153291562878","2.2.10"
"2/18/2019","7233897","1550448577","153267529018","2.2.10"
"2/19/2019","7238097","1550534972","153518658675","2.2.10"
"2/20/2019","7242392","1550621383","153770612878","2.2.10"
"2/21/2019","7246850","1550712615","155198707784","2.2.10"
"2/22/2019","7250875","1550794176","154153245102","2.2.10"
"2/23/2019","7255115","1550880560","154633396764","2.2.10"
"2/24/2019","7259664","1550971156","154732755513","2.2.10"
"2/25/2019","7263727","1551053376","154859736302","2.2.10"
"2/26/2019","7267963","1551139772","155000018026","2.2.10"
"2/27/2019","7272243","1551226152","155092875458","2.2.10"
"2/28/2019","7276521","1551312590","155425550967","2.2.10"
"3/1/2019","7280899","1551398986","155600064438","2.2.10"
"3/2/2019","7286903","1551485381","155759932721","2.2.10"
"3/3/2019","7293291","1551571786","156030386084","2.2.10"
"3/4/2019","7299681","1551658184","156282806797","2.2.10"
"3/5/2019","7306064","1551744566","156576198638","2.2.10"
"3/6/2019","7312491","1551831000","158417785738","2.2.10"
"3/7/2019","7318905","1551917380","158222829202","2.2.10"
"3/8/2019","7325328","1552003781","157161495101","2.2.10"
"3/9/2019","7331716","1552090167","157406381234","2.2.10"
"3/10/2019","7338104","1552176592","157673520260","2.2.10"
"3/11/2019","7344613","1552262988","157909204839","2.2.10"
"3/12/2019","7351004","1552349395","158144558486","2.2.10"
"3/13/2019","7357448","1552435770","158406502305","2.2.10"
"3/14/2019","7363849","1552522193","158726502146","2.2.10"
"3/15/2019","7370286","1552608578","158999421930","2.2.10"
"3/16/2019","7376696","1552694999","159234085409","2.2.10"
"3/17/2019","7383215","1552781368","159385130113","2.2.10"
"3/18/2019","7389628","1552867792","159581638935","2.2.10"
"3/19/2019","7395988","1552954183","159841913124","2.2.10"
"3/20/2019","7402401","1553040584","160654446137","2.2.10"
"3/21/2019","7408882","1553126993","161597711109","2.2.10"
"3/22/2019","7415252","1553213386","161830506337","2.2.10"
"3/23/2019","7421669","1553299793","162134873099","2.2.10"
"3/24/2019","7428093","1553386183","161307579460","2.2.10"
"3/25/2019","7434528","1553472577","161420631156","2.2.10"
"3/26/2019","7440955","1553558995","161799944378","2.2.10"
"3/27/2019","7447300","1553645377","161935231512","2.2.10"
"3/28/2019","7453766","1553731800","162350307474","2.2.10"
"3/29/2019","7460155","1553818200","162596255860","2.2.10"
"3/30/2019","7466510","1553904626","162872398317","2.2.10"
"3/31/2019","7472888","1553990973","163085477113","2.2.10"
"4/1/2019","7479301","1554077379","163529704677","2.2.10"
"4/2/2019","7485716","1554163786","163745609424","2.2.10"
"4/3/2019","7492076","1554250200","164151428629","2.2.10"
"4/4/2019","7498412","1554336567","164442539551","2.2.10"
"4/5/2019","7504810","1554422979","164699660027","2.2.10"
"4/6/2019","7511241","1554509381","165062906153","2.2.10"
"4/7/2019","7517709","1554595797","165080606115","2.2.10"
"4/8/2019","7524167","1554682172","165452195906","2.2.10"
"4/9/2019","7530613","1554768593","167089103151","2.2.10"
"4/10/2019","7537034","1554854943","165922728446","2.2.10"
"4/11/2019","7543494","1554941392","166307100756","2.2.10"
"4/12/2019","7549877","1555027713","166409815835","2.2.10"
"4/13/2019","7556312","1555114178","166826287456","2.2.10"
"4/14/2019","7562793","1555200560","167017563545","2.2.10"
"4/15/2019","7569206","1555286987","167271316357","2.2.10"
"4/16/2019","7575652","1555373396","167555207903","2.2.10"
"4/17/2019","7582053","1555459780","167791516466","2.2.10"
"4/18/2019","7588436","1555546161","168153408225","2.2.10"
"4/19/2019","7594860","1555632599","168471934114","2.2.10"
"4/20/2019","7601290","1555718982","168662128378","2.2.10"
"4/21/2019","7607662","1555805362","169024300285","2.2.10"
"4/22/2019","7614122","1555891768","169486707190","2.2.10"
"4/23/2019","7620549","1555978178","169452579435","2.2.10"
"4/24/2019","7626867","1556064605","169804241959","2.2.10"
"4/25/2019","7633247","1556150990","170092854704","2.2.10"
"4/26/2019","7639719","1556237397","170251283448","2.2.10"
"4/27/2019","7646173","1556323776","170674750159","2.2.10"
"4/28/2019","7652636","1556410169","170811932762","2.2.10"
"4/29/2019","7659025","1556496577","171173451496","2.2.10"
"4/30/2019","7665482","1556582976","171233242932","2.2.10"
"5/1/2019","7671906","1556669402","171685999359","2.2.10"
"5/2/2019","7678364","1556755787","171962782265","2.2.10"
"5/3/2019","7684789","1556842158","172063825949","2.2.10"
"5/4/2019","7691138","1556928600","173615799081","2.2.10"
"5/5/2019","7697827","1557017198","172979499090","2.2.10"
"5/6/2019","7704050","1557101377","172927272491","2.4.5"
"5/7/2019","7710407","1557187762","173289652040","2.4.5"
"5/8/2019","7716799","1557274171","173560533531","2.4.5"
"5/9/2019","7723148","1557360598","173816469937","2.4.5"
"5/10/2019","7729500","1557446928","174083660871","2.4.5"
"5/11/2019","7735940","1557533399","174479434881","2.4.5"
"5/12/2019","7742341","1557619798","174673460515","2.4.5"
"5/13/2019","7748797","1557706190","174935003651","2.4.5"
"5/14/2019","7755242","1557793827","175365421356","2.4.5"
"5/15/2019","7761626","1557878947","175577370693","2.4.5"
"5/16/2019","7768084","1557965359","175926637204","2.4.5"
"5/17/2019","7774424","1558051780","176826706424","2.4.5"
"5/18/2019","7780870","1558138196","176624139458","2.4.5"
"5/19/2019","7787274","1558224585","176982574071","2.4.5"
"5/20/2019","7793659","1558310980","177287417264","2.4.5"
"5/21/2019","7800002","1558397362","177700822411","2.4.5"
"5/22/2019","7806339","1558483799","177974212608","2.4.5"
"5/23/2019","7812739","1558570186","178319597520","2.4.5"
"5/24/2019","7819073","1558656561","178721757939","2.4.5"
"5/25/2019","7825468","1558742984","179084216954","2.4.5"
"5/26/2019","7831991","1558829391","179497460170","2.4.5"
"5/27/2019","7838421","1558915782","179608461951","2.4.5"
"5/28/2019","7844818","1559002196","180113584783","2.4.5"
"5/29/2019","7851152","1559088576","180380645240","2.4.5"
"5/30/2019","7857691","1559174988","180647728125","2.4.5"
"5/31/2019","7863995","1559261385","181100888563","2.4.5"
"6/1/2019","7870462","1559347777","181325168641","2.4.5"
"6/2/2019","7876839","1559434187","181642858408","2.4.5"
"6/3/2019","7883222","1559520597","183177884393","2.4.5"
"6/4/2019","7889538","1559606904","183661297317","2.4.5"
"6/5/2019","7895948","1559693400","182640044808","2.4.5"
"6/6/2019","7902349","1559779793","182959466067","2.4.5"
"6/7/2019","7908791","1559866188","183326792537","2.4.5"
"6/8/2019","7915140","1559952576","183610451961","2.4.5"
"6/9/2019","7921483","1560038974","183846911533","2.4.5"
"6/10/2019","7927840","1560125402","185271671736","2.4.5"
"6/11/2019","7934307","1560211782","184662495637","2.4.5"
"6/12/2019","7940679","1560298194","185154065020","2.4.5"
"6/13/2019","7947059","1560384553","185237155617","2.4.5"
"6/14/2019","7953466","1560470967","185569232908","2.4.5"
"6/15/2019","7959879","1560557352","185886401735","2.4.5"
"6/16/2019","7966242","1560643782","186229895439","2.4.5"
"6/17/2019","7972678","1560730192","186665260190","2.4.5"
"6/18/2019","7979059","1560816594","186639277549","2.4.5"
"6/19/2019","7985433","1560902971","187123744575","2.4.5"
"6/20/2019","7991836","1560989401","187480583423","2.4.5"
"6/21/2019","7998224","1561075792","187728842750","2.4.5"
"6/22/2019","8004556","1561162171","188150249849","2.4.5"
"6/23/2019","8011034","1561248594","188580607468","2.4.5"
"6/24/2019","8017414","1561334982","188748052492","2.4.5"
"6/25/2019","8023862","1561421389","189156150403","2.4.5"
"6/26/2019","8030280","1561507797","189372626745","2.4.5"
"6/27/2019","8036706","1561594191","189776912721","2.4.5"
"6/28/2019","8043091","1561680541","190116720273","2.4.5"
"6/29/2019","8049478","1561766987","190399910353","2.4.5"
"6/30/2019","8055908","1561853382","190648493277","2.4.5"
"7/1/2019","8062339","1561939782","190989092142","2.4.5"
"7/2/2019","8068757","1562026174","191222746849","2.4.5"
"7/3/2019","8075174","1562112582","191673363210","2.4.5"
"7/4/2019","8081571","1562198981","191913093458","2.4.5"
"7/5/2019","8087987","1562285387","192643003475","2.4.5"
"7/6/2019","8094372","1562371783","192523569986","2.4.5"
"7/7/2019","8100834","1562458166","192752954373","2.4.5"
"7/8/2019","8107330","1562544584","193027909670","2.4.9"
"7/9/2019","8113762","1562630980","193541387402","2.4.9"
"7/10/2019","8120195","1562717406","195159420340","2.4.9"
"7/11/2019","8126602","1562803794","194146267455","2.4.9"
"7/12/2019","8133031","1562890156","194557298115","2.5.5"
"7/13/2019","8139384","1562976580","195881102301","2.5.5"
"7/14/2019","8145818","1563062997","196583197723","2.5.5"
"7/15/2019","8152343","1563149382","195540476356","2.5.5"
"7/16/2019","8158681","1563235795","195704722971","2.5.5"
"7/17/2019","8165005","1563322186","197359910560","2.5.5"
"7/18/2019","8171374","1563408598","196233639868","2.5.5"
"7/19/2019","8177862","1563494986","197855598231","2.5.5"
"7/20/2019","8184219","1563581319","196626534060","2.5.5"
"7/21/2019","8190722","1563667779","197202589285","2.5.5"
"7/22/2019","8197135","1563754191","197235766274","2.5.5"
"7/23/2019","8203612","1563840581","197521306689","2.5.5"
"7/24/2019","8210086","1563926975","197673667626","2.5.5"
"7/25/2019","8216529","1564013367","197948264490","2.5.5"
"7/26/2019","8222882","1564099777","198245075289","2.5.5"
"7/27/2019","8229324","1564186176","198592671431","2.5.5"
"7/28/2019","8235810","1564272580","198994779613","2.5.5"
"7/29/2019","8242270","1564358982","199206669788","2.5.5"
"7/30/2019","8248644","1564445381","199805936046","2.5.5"
"7/31/2019","8255135","1564531790","199806002397","2.5.5"
"8/1/2019","8261560","1564618180","201364582433","2.5.5"
"8/2/2019","8267903","1564704545","200415122356","2.5.5"
"8/3/2019","8274403","1564790981","200747298560","2.5.5"
"8/4/2019","8280873","1564877393","202271273478","2.5.5"
"8/5/2019","8287314","1564963773","201330244339","2.5.5"
"8/6/2019","8293772","1565050174","202880212629","2.5.5"
"8/7/2019","8300201","1565136594","203190163447","2.5.5"
"8/8/2019","8306699","1565222994","202043277453","2.5.5"
"8/9/2019","8313079","1565309368","202327297605","2.5.5"
"8/10/2019","8319494","1565395778","202792148878","2.5.5"
"8/11/2019","8325994","1565482134","202950946160","2.5.5"
"8/12/2019","8332421","1565568590","203184404158","2.5.5"
"8/13/2019","8338893","1565654995","203537744416","2.5.5"
"8/14/2019","8345327","1565741374","203820441005","2.5.5"
"8/15/2019","8351782","1565827768","204089103499","2.5.5"
"8/16/2019","8358191","1565914169","204265728244","2.5.5"
"8/17/2019","8364639","1566000581","204500054967","2.5.5"
"8/18/2019","8371128","1566086975","204749163897","2.5.5"
"8/19/2019","8377567","1566173387","205192750372","2.5.5"
"8/20/2019","8383940","1566259777","205449955989","2.5.5"
"8/21/2019","8390373","1566346182","207089900295","2.5.5"
"8/22/2019","8396818","1566432559","207589379683","2.5.5"
"8/23/2019","8403220","1566518992","206339053332","2.5.5"
"8/24/2019","8409697","1566605384","206667919778","2.5.5"
"8/25/2019","8416000","1566691786","208362294856","2.5.5"
"8/26/2019","8422589","1566778173","207248267937","2.5.6"
"8/27/2019","8428943","1566864552","207668710376","2.5.6"
"8/28/2019","8435344","1566950992","208732797889","2.5.6"
"8/29/2019","8441771","1567037395","207818429263","2.5.6"
"8/30/2019","8448246","1567123771","208225710338","2.5.6"
"8/31/2019","8454677","1567210147","208474373391","2.5.7"
"9/1/2019","8461093","1567296595","208769607653","2.5.7"
"9/2/2019","8467492","1567383002","209101077340","2.5.7"
"9/3/2019","8473919","1567469381","209291285738","2.5.7"
"9/4/2019","8480317","1567555794","210988646298","2.5.7"
"9/5/2019","8486710","1567642191","210079832577","2.5.7"
"9/6/2019","8493175","1567728601","210118193365","2.5.7"
"9/7/2019","8499554","1567814997","210448663318","2.5.7"
"9/8/2019","8505972","1567901383","210586960380","2.5.7"
"9/9/2019","8512370","1567987760","210897932387","2.5.7"
"9/10/2019","8518815","1568074202","211089931865","2.5.7"
"9/11/2019","8525205","1568160579","211461338089","2.5.7"
"9/12/2019","8531635","1568246936","211798989848","2.5.7"
"9/13/2019","8538074","1568333398","211989696078","2.5.7"
"9/14/2019","8544387","1568419787","212172138645","2.5.7"
"9/15/2019","8550817","1568506131","212484850558","2.5.7"
"9/16/2019","8557206","1568592605","212628983059","2.5.7"
"9/17/2019","8563661","1568678983","212845388415","2.5.7"
"9/18/2019","8570101","1568765400","213092626889","2.5.7"
"9/19/2019","8576567","1568851773","213336116723","2.5.7"
"9/20/2019","8582895","1568938176","213913672535","2.5.7"
"9/21/2019","8589345","1569024583","213936203462","2.5.7"
"9/22/2019","8595745","1569110993","214185483364","2.5.7"
"9/23/2019","8602126","1569197389","214334380408","2.5.7"
"9/24/2019","8608559","1569283745","216186840016","2.5.7"
"9/25/2019","8614851","1569370162","214943798163","2.5.7"
"9/26/2019","8621229","1569456580","215126181396","2.5.7"
"9/27/2019","8627638","1569543005","215221761150","2.5.7"
"9/28/2019","8633981","1569629372","215606038017","2.5.7"
"9/29/2019","8640418","1569715798","215792816104","2.5.7"
"9/30/2019","8646825","1569802179","217568600030","2.5.7"
"10/1/2019","8653219","1569888598","216374151323","2.5.7"
"10/2/2019","8659640","1569974988","217842186353","2.5.7"
"10/3/2019","8665979","1570061342","217172791230","2.5.7"
"10/4/2019","8672383","1570147789","217328234831","2.5.7"
"10/5/2019","8678819","1570234197","219330489271","2.5.7"
"10/6/2019","8685250","1570320594","219100115440","2.5.7"
"10/7/2019","8691699","1570406971","218324242971","2.5.7"
"10/8/2019","8698078","1570493401","218445670101","2.5.7"
"10/9/2019","8704421","1570579780","218815069358","2.5.7"
"10/10/2019","8710774","1570666129","219157386055","2.5.7"
"10/11/2019","8717132","1570752594","219461458150","2.5.7"
"10/12/2019","8723493","1570838999","220981583071","2.5.7"
"10/13/2019","8729825","1570925338","220030760005","2.5.7"
"10/14/2019","8736200","1571011794","220120183696","2.5.7"
"10/15/2019","8742589","1571098183","220374627400","2.5.7"
"10/16/2019","8749005","1571184588","220718578855","2.5.7"
"10/17/2019","8755341","1571270994","221090715041","2.5.7"
"10/18/2019","8761632","1571357398","222754039315","2.5.7"
"10/19/2019","8767980","1571443772","223085514924","2.5.7"
"10/20/2019","8774313","1571530173","221794081210","2.5.7"
"10/21/2019","8780696","1571616579","222123571827","2.5.9"
"10/22/2019","8786973","1571702996","223583852128","2.5.9"
"10/23/2019","8793393","1571789393","222706547477","2.5.9"
"10/24/2019","8799777","1571875782","224044009180","2.5.9"
"10/25/2019","8806021","1571962172","223343472839","2.5.9"
"10/26/2019","8812167","1572048586","224699613764","2.5.9"
"10/27/2019","8818435","1572134998","223882447140","2.5.9"
"10/28/2019","8824615","1572221380","224232078061","2.5.9"
"10/29/2019","8830863","1572307794","224503734052","2.5.9"
"10/30/2019","8837052","1572394192","224867577896","2.5.9"
"10/31/2019","8843296","1572480584","225138718271","2.5.9"
"11/1/2019","8849524","1572566949","225296464751","2.5.9"
"11/2/2019","8855776","1572653369","226090293820","2.5.9"
"11/3/2019","8861965","1572739724","225898524067","2.5.9"
"11/4/2019","8868213","1572826155","226168475440","2.5.9"
"11/5/2019","8874423","1572912569","226503757791","2.5.9"
"11/6/2019","8880645","1572998991","228180718122","2.5.9"
"11/7/2019","8886854","1573085385","227159270010","2.5.9"
"11/8/2019","8893026","1573171802","227525098264","2.5.9"
"11/9/2019","8899221","1573258169","229354932025","2.5.9"
"11/10/2019","8905341","1573344599","228063082887","2.5.9"
"11/11/2019","8911342","1573430994","228430110444","2.5.9"
"11/12/2019","8917320","1573517364","229911384836","2.5.9"
"11/13/2019","8923364","1573603789","228986657526","2.5.9"
"11/14/2019","8929359","1573690191","229477288350","2.5.9"
"11/15/2019","8935387","1573776595","229623326352","2.5.9"
"11/16/2019","8941376","1573862962","229838473506","2.5.9"
"11/17/2019","8947399","1573949401","230141393512","2.5.9"
"11/18/2019","8953432","1574035785","230389314400","2.5.9"
"11/19/2019","8959400","1574122178","230738063806","2.5.9"
"11/20/2019","8965313","1574208577","231221209483","2.5.9"
"11/21/2019","8971288","1574294984","231365835378","2.5.10"
"11/22/2019","8977356","1574381396","231606359184","2.5.10"
"11/23/2019","8983331","1574467790","231948265908","2.5.10"
"11/24/2019","8989370","1574554187","233524835926","2.5.10"
"11/25/2019","8995387","1574640574","232396713691","2.5.10"
"11/26/2019","9001289","1574727001","232867277849","2.5.10"
"11/27/2019","9006951","1574813405","233110996260","2.5.10"
"11/28/2019","9012598","1574899802","233454792135","2.5.10"
"11/29/2019","9018227","1574986200","233781779402","2.5.10"
"11/30/2019","9023845","1575072593","235541672013","2.5.10"
"12/1/2019","9029546","1575158988","234011380134","2.5.10"
"12/2/2019","9035143","1575245386","234563902775","2.5.10"
"12/3/2019","9040816","1575331792","234946910785","2.5.10"
"12/4/2019","9046460","1575418201","235257387709","2.5.10"
"12/5/2019","9052024","1575504568","235508413027","2.5.10"
"12/6/2019","9057648","1575590951","235826293512","2.5.10"
"12/7/2019","9063264","1575677379","235756399010","2.5.11"
"12/8/2019","9068923","1575763776","235994817717","2.5.11"
"12/9/2019","9074540","1575850169","236394117303","2.5.11"
"12/10/2019","9080186","1575936597","236808372629","2.5.11"
"12/11/2019","9085888","1576022969","237136256825","2.5.11"
"12/12/2019","9091464","1576109330","238561581851","2.5.11"
"12/13/2019","9097171","1576195771","237830284637","2.5.11"
"12/14/2019","9102654","1576282182","238111538852","2.5.11"
"12/15/2019","9107778","1576368577","238360804997","2.5.11"
"12/16/2019","9112905","1576454922","238583608527","2.5.11"
"12/17/2019","9118003","1576541397","238775263727","2.5.11"
"12/18/2019","9123044","1576627798","239147927923","2.5.11"
"12/19/2019","9128043","1576714173","239466847195","2.5.11"
"12/20/2019","9133057","1576800592","239655166275","2.5.11"
"12/21/2019","9138038","1576886936","239837370404","2.5.11"
"12/22/2019","9143116","1576973341","240221489191","2.5.11"
"12/23/2019","9148104","1577059775","240451049513","2.5.12"
"12/24/2019","9153115","1577146152","240598329712","2.5.12"
"12/25/2019","9158187","1577232561","242118307150","2.5.12"
"12/26/2019","9163180","1577318955","241233982844","2.5.12"
"12/27/2019","9168156","1577405374","241413358276","2.5.12"
"12/28/2019","9173186","1577491799","241726742264","2.5.12"
"12/29/2019","9178255","1577578179","241941729015","2.5.12"
"12/30/2019","9183294","1577664581","242070467298","2.5.12"
"12/31/2019","9188309","1577750999","242439500192","2.5.12"
"1/1/2020","9193298","1577837353","243749891776","2.5.13"
"1/2/2020","9198286","1577923760","242774776492","2.5.13"
"1/3/2020","9203965","1578010175","242992034996","2.5.13"
"1/4/2020","9210487","1578096595","243344837607","2.5.13"
"1/5/2020","9217066","1578182997","243477686068","2.5.13"
"1/6/2020","9223546","1578269390","243686402771","2.5.13"
"1/7/2020","9230133","1578355797","244004071131","2.5.13"
"1/8/2020","9236669","1578442185","244354437378","2.5.13"
"1/9/2020","9243307","1578530568","244540213251","2.5.13"
"1/10/2020","9249839","1578617036","244869076554","2.5.13"
"1/11/2020","9256250","1578701379","245137277971","2.5.13"
"1/12/2020","9262783","1578787790","245275402467","2.5.13"
"1/13/2020","9269294","1578874192","245600225696","2.5.13"
"1/14/2020","9275830","1578960583","246115666950","2.5.13"
"1/15/2020","9282353","1579046959","246206850504","2.5.13"
"1/16/2020","9289552","1579142679","246664619514","2.5.13"
"1/17/2020","9295368","1579219762","248273217470","2.5.13"
"1/18/2020","9301920","1579306191","248322425844","2.5.13"
"1/19/2020","9308443","1579392588","248816985028","2.5.13"
"1/20/2020","9315018","1579478984","249026740098","2.5.13"
"1/21/2020","9321526","1579565397","247887317384","2.5.13"
"1/22/2020","9328090","1579651761","248139801122","2.5.13"
"1/23/2020","9334566","1579738185","249981694651","2.5.13"
"1/24/2020","9341132","1579824590","248618234272","2.5.13"
"1/25/2020","9347661","1579910999","248970957766","2.5.13"
"1/26/2020","9354147","1579997380","249243734202","2.5.13"
"1/27/2020","9360646","1580083795","249562718689","2.5.13"
"1/28/2020","9367194","1580170188","249605125665","2.5.13"
"1/29/2020","9373701","1580256573","250014233445","2.5.13"
"1/30/2020","9380263","1580342970","250357098596","2.5.13"
"1/31/2020","9386696","1580429388","250546772445","2.5.13"
"2/1/2020","9393189","1580515743","250769375426","2.5.13"
"2/2/2020","9399686","1580602177","251269254002","2.5.13"
"2/3/2020","9406224","1580688586","251334822305","2.5.13"
"2/4/2020","9412749","1580774972","252659314091","2.5.13"
"2/5/2020","9419316","1580861402","251917019445","2.5.13"
"2/6/2020","9425767","1580947797","252284567952","2.5.13"
"2/7/2020","9432289","1581034176","252703515389","2.5.13"
"2/8/2020","9438789","1581120582","253093012476","2.5.13"
"2/9/2020","9445256","1581206986","253391609647","2.5.13"
"2/10/2020","9451753","1581293355","253632240637","2.5.13"
"2/11/2020","9458348","1581379797","253884870954","2.5.13"
"2/12/2020","9464867","1581466150","254151326584","2.5.13"
"2/13/2020","9471330","1581552576","254508680879","2.5.13"
"2/14/2020","9477828","1581638969","254830812557","2.5.13"
"2/15/2020","9484475","1581727366","255104254190","2.5.13"
"2/16/2020","9490770","1581811745","255487604834","2.5.13"
"2/17/2020","9497329","1581898175","255738692914","2.5.13"
"2/18/2020","9503780","1581984569","255976923655","2.5.13"
"2/19/2020","9510267","1582070956","256554182103","2.5.13"
"2/20/2020","9516824","1582157395","256670601053","2.5.13"
"2/21/2020","9523309","1582243793","257112389650","2.5.13"
"2/22/2020","9529774","1582330177","257184921754","2.5.13"
"2/23/2020","9536317","1582416576","257650890444","2.5.13"
"2/24/2020","9542839","1582502975","257770162696","2.5.13"
"2/25/2020","9549303","1582589371","258225506730","2.5.13"
"2/26/2020","9555773","1582675771","260025432928","2.5.13"
"2/27/2020","9562297","1582762164","258657938288","2.5.13"
"2/28/2020","9568815","1582848591","259006671316","2.5.13"
"2/29/2020","9575321","1582934985","259388157518","2.5.13"
"3/1/2020","9581832","1583021385","259741106933","2.5.13"
"3/2/2020","9588332","1583107744","259874258515","2.5.13"
"3/3/2020","9594861","1583194148","260176701582","2.5.13"
"3/4/2020","9601362","1583280572","260568359382","2.5.13"
"3/5/2020","9607895","1583366989","260792918879","2.5.13"
"3/6/2020","9614312","1583453350","261197809690","2.5.13"
"3/7/2020","9620878","1583539770","261435232285","2.5.13"
"3/8/2020","9627414","1583626131","261680229778","2.5.13"
"3/9/2020","9633964","1583712597","261987021999","2.5.13"
"3/10/2020","9640396","1583798980","262281873341","2.5.13"
"3/11/2020","9646909","1583885390","262895998507","2.5.13"
"3/12/2020","9653425","1583971779","263084945344","2.5.13"
"3/13/2020","9659882","1584058194","264780277409","2.5.13"
"3/14/2020","9666266","1584144579","263547250992","2.5.13"
"3/15/2020","9672738","1584230994","264087181078","2.5.13"
"3/16/2020","9679259","1584317361","264292869871","2.5.13"
"3/17/2020","9685748","1584403787","264532068240","2.5.13"
"3/18/2020","9692267","1584490174","265043861950","2.5.13"
"3/19/2020","9698781","1584576591","265238622306","2.5.13"
"3/20/2020","9705254","1584662991","265643840256","2.5.13"
"3/21/2020","9711704","1584749395","265961806241","2.5.13"
"3/22/2020","9718148","1584835778","266321203126","2.5.13"
"3/23/2020","9724447","1584922180","267014007361","2.5.13"
"3/24/2020","9730911","1585008586","266937073466","2.5.13"
"3/25/2020","9737246","1585094991","268618289757","2.5.13"
"3/26/2020","9743608","1585181383","267542281869","2.5.13"
"3/27/2020","9750097","1585267776","268006477561","2.5.13"
"3/28/2020","9756648","1585354186","269579109055","2.5.13"
"3/29/2020","9763135","1585440549","268658048392","2.5.13"
"3/30/2020","9769720","1585526997","268892386165","2.5.13"
"3/31/2020","9776164","1585613383","270642519335","2.5.13"
"4/1/2020","9782652","1585699788","269484321026","2.5.13"
"4/2/2020","9789192","1585786179","269838084431","2.5.13"
"4/3/2020","9795685","1585872538","270118420414","2.5.13"
"4/4/2020","9802210","1585958996","270551053923","2.5.13"
"4/5/2020","9808704","1586045389","270714062905","2.5.13"
"4/6/2020","9815205","1586131769","272408726181","2.5.13"
"4/7/2020","9821632","1586218153","271432977090","2.5.13"
"4/8/2020","9828201","1586304593","271689986620","2.5.13"
"4/9/2020","9834697","1586390966","272137801951","2.5.13"
"4/10/2020","9841173","1586477391","272608773963","2.5.13"
"4/11/2020","9847685","1586563765","272869959712","2.5.13"
"4/12/2020","9854104","1586650188","273246735381","2.5.13"
"4/13/2020","9860682","1586736585","273588074986","2.5.13"
"4/14/2020","9867187","1586822997","273880693974","2.5.13"
"4/15/2020","9873678","1586909368","274282681599","2.5.13"
"4/16/2020","9880178","1586995797","274636465785","2.5.13"
"4/17/2020","9886637","1587082199","274871450740","2.5.13"
"4/18/2020","9893081","1587168577","275286357902","2.5.13"
"4/19/2020","9899528","1587254965","275533935709","2.5.13"
"4/20/2020","9906016","1587341371","275980329808","2.5.13"
"4/21/2020","9912501","1587427777","276300129657","2.5.13"
"4/22/2020","9918944","1587514198","276705777478","2.5.13"
"4/23/2020","9925420","1587600573","276950869848","2.5.13"
"4/24/2020","9931878","1587686978","277341970490","2.5.13"
"4/25/2020","9938351","1587773350","277735625859","2.5.13"
"4/26/2020","9944771","1587859749","279684594746","2.5.13"
"4/27/2020","9951236","1587946187","278369556863","2.5.13"
"4/28/2020","9957689","1588032584","278758966038","2.5.13"
"4/29/2020","9964105","1588118961","279077632672","2.5.13"
"4/30/2020","9970628","1588205388","279484883495","2.5.13"
"5/1/2020","9977003","1588291770","279914801758","2.5.13"
"5/2/2020","9983473","1588378165","280257272477","2.5.13"
"5/3/2020","9989954","1588464576","280680006439","2.5.13"
"5/4/2020","9996381","1588550985","280903572790","2.5.13"
"5/5/2020","10002905","1588637397","281330575763","2.5.13"
"5/6/2020","10009415","1588723796","281606776653","2.5.13"
"5/7/2020","10015824","1588810175","282038543919","2.5.13"
"5/8/2020","10022258","1588896570","284000878105","2.5.13"
"5/9/2020","10028751","1588982973","284091188253","2.5.13"
"5/10/2020","10035144","1589069400","284942729439","2.5.13"
"5/11/2020","10041647","1589155799","283945822127","2.5.13"
"5/12/2020","10048077","1589242185","284240299062","2.5.13"
"5/13/2020","10054474","1589328581","284490421511","2.5.13"
"5/14/2020","10060956","1589414992","284855759074","2.5.13"
"5/15/2020","10067421","1589501352","285115096118","2.5.13"
"5/16/2020","10073825","1589587762","285818135918","2.5.13"
"5/17/2020","10080231","1589674196","285970632425","2.5.13"
"5/18/2020","10086707","1589760587","286154823098","2.5.13"
"5/19/2020","10093116","1589846950","286701311953","2.5.13"
"5/20/2020","10099508","1589933393","288632887263","2.5.13"
"5/21/2020","10105964","1590019772","287300570371","2.5.13"
"5/22/2020","10112425","1590106195","287841339997","2.5.13"
"5/23/2020","10118769","1590192562","288502401593","2.5.13"
"5/24/2020","10125276","1590278957","288454889240","2.5.13"
"5/25/2020","10131689","1590365394","289106690093","2.5.13"
"5/26/2020","10138033","1590451754","289263056125","2.5.13"
"5/27/2020","10144536","1590538175","289803340786","2.5.13"
"5/28/2020","10150978","1590624581","290169183358","2.5.13"
"5/29/2020","10157392","1590710988","302327910030","3.0.0"
"5/30/2020","10163815","1590797380","301209857646","3.0.0"
"5/31/2020","10170265","1590883767","295487110507","3.0.0"
"6/1/2020","10176735","1590970177","310997510204","3.0.0"
"6/2/2020","10183139","1591056594","327293645265","3.0.0"
"6/3/2020","10189589","1591142992","311813380664","3.0.0"
"6/4/2020","10195992","1591229389","300978532299","3.0.0"
"6/5/2020","10202420","1591315775","318970368580","3.0.0"
"6/6/2020","10208910","1591402183","303808869395","3.0.0"
"6/7/2020","10215337","1591488572","309007778548","3.0.0"
"6/8/2020","10221801","1591574982","311089338400","3.0.0"
"6/9/2020","10228220","1591661394","312406170016","3.0.0"
"6/10/2020","10234688","1591747762","323928052122","3.0.0"
"6/11/2020","10241059","1591834167","313000559319","3.0.0"
"6/12/2020","10247528","1591920596","329918607880","3.0.0"
"6/13/2020","10254026","1592006988","294936653672","2.5.13"
"6/14/2020","10260526","1592093380","295274053666","2.5.13"
"6/15/2020","10267039","1592179769","295623237803","2.5.13"
"6/16/2020","10273511","1592266193","296002738205","2.5.13"
"6/17/2020","10279949","1592352585","296431182433","2.5.13"
"6/18/2020","10286362","1592438978","296732896268","2.5.13"
"6/19/2020","10292812","1592525376","297069221521","2.5.13"
"6/20/2020","10299313","1592611762","297690468222","2.5.13"
"6/21/2020","10305780","1592698168","298033835179","2.5.13"
"6/22/2020","10312284","1592784588","298552114427","2.5.13"
"6/23/2020","10318725","1592870985","298970754348","2.5.13"
"6/24/2020","10325177","1592957356","299196631603","2.5.13"
"6/25/2020","10331662","1593043786","299846091087","2.5.13"
"6/26/2020","10338104","1593130150","300375887246","2.5.13"
"6/27/2020","10344567","1593216579","301084202473","2.5.13"
"6/28/2020","10350917","1593302987","301136731843","2.5.13"
"6/29/2020","10357449","1593389362","301601900091","2.5.13"
"6/30/2020","10363837","1593475781","303296162578","2.5.13"
"7/1/2020","10370324","1593562194","302483284016","2.5.13"
"7/2/2020","10376729","1593648585","302985222281","2.5.13"
"7/3/2020","10383175","1593734985","303134112709","2.5.13"
"7/4/2020","10389631","1593821321","305166867910","2.5.13"
"7/5/2020","10396071","1593907797","305611974432","2.5.13"
"7/6/2020","10402554","1593994194","305913487131","2.5.13"
"7/7/2020","10409029","1594080598","306806720084","2.5.13"
"7/8/2020","10415512","1594166971","305802687748","2.5.13"
"7/9/2020","10422020","1594253398","307478890147","2.5.13"
"7/10/2020","10428449","1594339782","306929975401","2.5.13"
"7/11/2020","10434855","1594426170","306915664900","2.5.13"
"7/12/2020","10441384","1594512562","307609066286","2.5.13"
"7/13/2020","10447873","1594598989","308189195455","2.5.13"
"7/14/2020","10454372","1594685310","308870856742","2.5.13"
"7/15/2020","10460783","1594771778","309139757507","2.5.13"
"7/16/2020","10467242","1594858193","310968625882","2.5.13"
"7/17/2020","10473659","1594944584","311669662406","2.5.13"
"7/18/2020","10480116","1595030994","311555486451","2.5.13"
"7/19/2020","10486633","1595117390","310895446860","2.5.13"
"7/20/2020","10493097","1595203761","311262796487","2.5.13"
"7/21/2020","10499522","1595290173","311716363208","2.5.13"
"7/22/2020","10505904","1595376586","312146606820","2.5.13"
"7/23/2020","10512371","1595462978","312478930350","2.5.13"
"7/24/2020","10518888","1595549380","313140227710","2.5.13"
"7/25/2020","10525387","1595635755","313469765510","2.5.13"
"7/26/2020","10531739","1595722164","314115671737","2.5.13"
"7/27/2020","10538229","1595808589","315197382074","2.5.13"
"7/28/2020","10544678","1595894990","315200076210","2.5.13"
"7/29/2020","10551147","1595981394","315818702936","2.5.13"
"7/30/2020","10557657","1596067788","316261572681","2.5.13"
"7/31/2020","10564051","1596154183","316529208095","2.5.13"
"8/1/2020","10570758","1596243898","316887529112","2.5.13"
"8/2/2020","10577049","1596326985","317758882653","2.5.13"
"8/3/2020","10583528","1596413374","319610421912","2.5.13"
"8/4/2020","10590002","1596499761","318799340360","2.5.13"
"8/5/2020","10596395","1596586179","319056580230","2.5.13"
"8/6/2020","10602872","1596672583","319906620626","2.5.13"
"8/7/2020","10609392","1596758991","320003497230","2.5.13"
"8/8/2020","10615871","1596845392","320542113631","2.5.13"
"8/9/2020","10622324","1596931796","320951051998","2.5.13"
"8/10/2020","10628852","1597018164","321218222863","2.5.13"
"8/11/2020","10635341","1597104586","323429879187","2.5.13"
"8/12/2020","10641794","1597190962","322315444733","2.5.13"
"8/13/2020","10648303","1597277369","322607212174","2.5.13"
"8/14/2020","10654780","1597363750","323072843107","2.5.13"
"8/15/2020","10661292","1597450183","323626316206","2.5.13"
"8/16/2020","10667762","1597536566","324152369542","2.5.13"
"8/17/2020","10674270","1597622980","324572912207","2.5.13"
"8/18/2020","10680676","1597709397","325188198906","2.5.13"
"8/19/2020","10687237","1597795792","325678706971","2.5.13"
"8/20/2020","10693735","1597882200","326062170025","2.5.13"
"8/21/2020","10700274","1597968526","326361913293","2.5.13"
"8/22/2020","10706756","1598054998","327011176254","2.5.13"
"8/23/2020","10713221","1598141380","327385897707","2.5.13"
"8/24/2020","10719792","1598227775","327884140052","2.5.13"
"8/25/2020","10726318","1598314197","328481969336","2.5.13"
"8/26/2020","10732743","1598400603","329290185535","2.5.13"
"8/27/2020","10739300","1598486982","329451776526","2.5.13"
"8/28/2020","10745806","1598573385","329875065396","2.5.13"
"8/29/2020","10752352","1598659781","330433319737","2.5.13"
"8/30/2020","10758846","1598746179","331098447975","2.5.13"
"8/31/2020","10765381","1598832601","331120699153","2.5.13"
"9/1/2020","10771972","1598918995","331570080652","2.5.13"
"9/2/2020","10778498","1599005391","332005364155","2.5.13"
"9/3/2020","10784993","1599091763","332502664683","2.5.13"
"9/4/2020","10791459","1599178166","332777570044","2.5.13"
"9/5/2020","10798062","1599264598","334253304341","2.5.13"
"9/6/2020","10804598","1599350991","333964019961","2.5.13"
"9/7/2020","10811211","1599437384","334389026412","2.5.13"
"9/8/2020","10817677","1599523792","334744664492","2.5.13"
"9/9/2020","10824203","1599610181","335237503386","2.5.13"
"9/10/2020","10830692","1599696496","335481718941","2.5.13"
"9/11/2020","10837217","1599782960","335949796568","2.5.13"
"9/12/2020","10843782","1599869394","336381064092","2.5.13"
"9/13/2020","10850278","1599955760","337163881980","2.5.13"
"9/14/2020","10856825","1600042184","337653567323","2.5.13"
"9/15/2020","10863283","1600128596","337896425261","2.5.13"
"9/16/2020","10869834","1600214998","338289541299","2.5.13"
"9/17/2020","10876288","1600301395","338722564711","2.5.13"
"9/18/2020","10882883","1600387789","339398988242","2.5.13"
"9/19/2020","10889318","1600474194","339777682293","2.5.13"
"9/20/2020","10895838","1600560573","340383733710","2.5.13"
"9/21/2020","10902430","1600646989","341457061612","2.5.13"
"9/22/2020","10908993","1600733384","341652946977","2.5.13"
"9/23/2020","10915439","1600819780","343111181125","2.5.13"
"9/24/2020","10921980","1600906194","342424325148","2.5.13"
"9/25/2020","10928487","1600992584","342804845869","2.5.13"
"9/26/2020","10934922","1601078985","343228052106","2.5.13"
"9/27/2020","10941352","1601165390","343679746956","2.5.13"
"9/28/2020","10947733","1601251755","344191050742","2.5.13"
"9/29/2020","10954112","1601338176","344733623558","2.5.13"
"9/30/2020","10960513","1601424583","345055064729","2.5.13"
"10/1/2020","10966912","1601510962","345672893659","2.5.13"
"10/2/2020","10973346","1601597377","345974511902","2.5.13"
"10/3/2020","10979690","1601683776","346674871163","2.5.13"
"10/4/2020","10986070","1601770189","347174764369","2.5.13"
"10/5/2020","10992439","1601856541","347197938543","2.5.13"
"10/6/2020","10998889","1601942973","347850100643","2.5.13"
"10/7/2020","11005359","1602029377","348444432434","2.5.13"
"10/8/2020","11011702","1602115785","348586317736","2.5.13"
"10/9/2020","11018007","1602202167","349068098438","2.5.13"
"10/10/2020","11024384","1602288583","349894619033","2.5.13"
"10/11/2020","11030891","1602374980","349971424162","2.5.13"
"10/12/2020","11037454","1602461391","350608172392","2.5.13"
"10/13/2020","11043921","1602547793","351104103394","2.5.13"
"10/14/2020","11050488","1602634179","351586950014","2.5.13"
"10/15/2020","11057038","1602720596","353708228224","2.5.13"
"10/16/2020","11063595","1602806991","352693622280","2.5.13"
"10/17/2020","11070103","1602893377","353137056406","2.5.13"
"10/18/2020","11076616","1602979800","353722544649","2.5.13"
"10/19/2020","11083070","1603066189","354186586936","2.5.13"
"10/20/2020","11089663","1603152575","354272141991","2.5.13"
"10/21/2020","11096167","1603238995","354897607665","2.5.13"
"10/22/2020","11102691","1603325370","355350540223","2.5.13"
"10/23/2020","11109226","1603411773","355852439899","2.5.13"
"10/24/2020","11115705","1603498171","356700490657","2.5.13"
"10/25/2020","11122279","1603584589","357088556550","2.5.13"
"10/26/2020","11128757","1603670964","357462747987","2.5.13"
"10/27/2020","11135225","1603757399","357767628231","2.5.13"
"10/28/2020","11141767","1603843777","358270675745","2.5.13"
"10/29/2020","11148320","1603930181","358625877141","2.5.13"
"10/30/2020","11154840","1604016594","359173380138","2.5.13"
"10/31/2020","11161341","1604102943","359665576675","2.5.13"
"11/1/2020","11167860","1604189386","360771903463","2.5.13"
"11/2/2020","11174377","1604275754","361025228917","2.5.13"
"11/3/2020","11180844","1604362185","361265730564","2.5.13"
"11/4/2020","11187359","1604448566","361961856396","2.5.13"
"11/5/2020","11193878","1604534953","362593677999","2.5.13"
"11/6/2020","11200418","1604621386","362716885508","2.5.13"
"11/7/2020","11206940","1604707771","363530029990","2.5.13"
"11/8/2020","11213434","1604794175","364042357706","2.5.13"
"11/9/2020","11219977","1604880580","364650298179","2.5.13"
"11/10/2020","11226487","1604966974","364829448729","2.5.13"
"11/11/2020","11232942","1605053390","365056294492","2.5.13"
"11/12/2020","11239465","1605139794","365577775491","2.5.13"
"11/13/2020","11245978","1605226197","366081833991","2.5.13"
"11/14/2020","11252519","1605312594","366185607636","2.5.13"
"11/15/2020","11259053","1605399000","366837289557","2.5.13"
"11/16/2020","11265594","1605485345","367236517629","2.5.13"
"11/17/2020","11272081","1605571785","367799069295","2.5.13"
"11/18/2020","11278608","1605658179","368048149820","2.5.13"
"11/19/2020","11285065","1605744558","370477400360","2.5.13"
"11/20/2020","11291672","1605830952","369360625715","2.5.13"
"11/21/2020","11298117","1605917371","369470547580","2.5.13"
"11/22/2020","11304685","1606003789","370201019135","2.5.13"
"11/23/2020","11311187","1606090167","370251608678","2.5.13"
"11/24/2020","11317654","1606176595","371590360085","2.5.13"
"11/25/2020","11324211","1606262984","371904623508","2.5.13"
"11/26/2020","11330683","1606349390","373531514626","3.1.0"
"11/27/2020","11337232","1606435778","374223496787","3.1.0"
"11/28/2020","11343644","1606522163","373499639897","3.1.0"
"11/29/2020","11350228","1606608573","373978671253","3.1.0"
"11/30/2020","11356737","1606694992","374456396066","3.1.0"
"12/1/2020","11363321","1606781382","374764061486","3.1.0"
"12/2/2020","11369833","1606867783","375556719155","3.1.0"
"12/3/2020","11376270","1606954172","375664063211","3.1.0"
"12/4/2020","11382835","1607040584","376113034419","3.1.0"
"12/5/2020","11389270","1607126990","376435761658","3.1.0"
"12/6/2020","11395781","1607213398","377079546547","3.1.0"
"12/7/2020","11402330","1607299755","377058217401","3.1.0"
"12/8/2020","11408807","1607386199","377705155208","3.1.0"
"12/9/2020","11415283","1607472594","378275257900","3.1.0"
"12/10/2020","11421886","1607558962","378654414981","3.1.0"
"12/11/2020","11428307","1607645394","379256644310","3.1.0"
"12/12/2020","11434790","1607731785","379692693137","3.1.0"
"12/13/2020","11441285","1607818192","380110490734","3.1.0"
"12/14/2020","11447782","1607904576","380490791980","3.1.0"
"12/15/2020","11454298","1607990991","380963828611","3.1.0"
"12/16/2020","11460793","1608077375","381471049710","3.1.0"
"12/17/2020","11467319","1608163786","382191350051","3.1.0"
"12/18/2020","11473857","1608250163","382674966652","3.1.0"
"12/19/2020","11480355","1608336586","383036451663","3.1.0"
"12/20/2020","11486870","1608422998","383782974597","3.1.0"
"12/21/2020","11493407","1608509391","384672626606","3.1.0"
"12/22/2020","11499918","1608595782","384743836781","3.1.0"
"12/23/2020","11506411","1608682191","385060017690","3.1.0"
"12/24/2020","11513000","1608768583","385750689749","3.1.0"
"12/25/2020","11519484","1608854975","386078887809","3.1.0"
"12/26/2020","11525918","1608941398","387977065028","3.1.0"
"12/27/2020","11532507","1609027772","387411297338","3.1.0"
"12/28/2020","11539020","1609114129","387467621736","3.1.0"
"12/29/2020","11545602","1609200564","388045509671","3.1.0"
"12/30/2020","11552021","1609286990","388899525979","3.1.0"
"12/31/2020","11558569","1609373380","389360029849","3.1.0"
"1/1/2021","11565064","1609459767","389530487048","3.1.0"
"1/2/2021","11571611","1609546174","389630788010","3.1.0"
"1/3/2021","11578201","1609632553","390071506266","3.1.0"
"1/4/2021","11584682","1609718985","390881291458","3.1.0"
"1/5/2021","11591201","1609805371","392755553625","3.1.0"
"1/6/2021","11597737","1609891784","391762892954","3.1.0"
"1/7/2021","11604217","1609978183","392200908332","3.1.0"
"1/8/2021","11610655","1610064590","392964151026","3.1.0"
"1/9/2021","11617248","1610150992","393219565121","3.1.0"
"1/10/2021","11623721","1610237380","395013370966","3.1.0"
"1/11/2021","11630273","1610323791","395661728139","3.1.0"
"1/12/2021","11636796","1610410182","394857782383","3.1.0"
"1/13/2021","11643360","1610496563","395222150008","3.1.0"
"1/14/2021","11649927","1610582989","396553269829","3.1.0"
"1/15/2021","11656328","1610669361","396166923073","3.1.0"
"1/16/2021","11662912","1610755756","397018234139","3.1.0"
"1/17/2021","11669409","1610842198","396873691646","3.1.0"
"1/18/2021","11675914","1610928586","397844732301","3.1.0"
"1/19/2021","11682418","1611014988","397982354569","3.1.0"
"1/20/2021","11688937","1611101382","398595615271","3.1.0"
"1/21/2021","11695515","1611187784","398873605143","3.1.0"
"1/22/2021","11702012","1611274196","399531927500","3.1.0"
"1/23/2021","11708474","1611360553","399732839327","3.1.0"
"1/24/2021","11715027","1611446976","400244804200","3.1.0"
"1/25/2021","11721498","1611533370","400636749921","3.1.0"
"1/26/2021","11728021","1611619730","401151485231","3.1.0"
"1/27/2021","11734540","1611706178","401833177495","3.1.0"
"1/28/2021","11741001","1611792540","402234391263","3.1.0"
"1/29/2021","11747492","1611878971","402862790714","3.1.0"
"1/30/2021","11753956","1611965362","403124873901","3.1.0"
"1/31/2021","11760347","1612051783","403714406781","3.1.0"
"2/1/2021","11766984","1612138192","405822561343","3.1.0"
"2/2/2021","11773482","1612224586","404699170619","3.1.0"
"2/3/2021","11779959","1612310991","405238795909","3.1.0"
"2/4/2021","11786461","1612397401","405668227382","3.1.0"
"2/5/2021","11792961","1612483784","406398164249","3.1.0"
"2/6/2021","11799412","1612570167","406965490164","3.1.0"
"2/7/2021","11805937","1612656537","407379675687","3.1.0"
"2/8/2021","11812486","1612742985","407645533809","3.1.0"
"2/9/2021","11818944","1612829381","408135700909","3.1.0"
"2/10/2021","11825436","1612915773","409146605844","3.1.0"
"2/11/2021","11831964","1613002151","409166469840","3.1.0"
"2/12/2021","11838490","1613088584","409819920800","3.1.0"
"2/13/2021","11845001","1613174952","410363996314","3.1.0"
"2/14/2021","11851438","1613261392","410711023211","3.1.0"
"2/15/2021","11857992","1613347771","412553656907","3.1.0"
"2/16/2021","11864478","1613434189","411734796978","3.1.0"
"2/17/2021","11870964","1613520600","412637451771","3.1.0"
"2/18/2021","11877515","1613606943","413180807294","3.1.0"
"2/19/2021","11883971","1613693386","413602688486","3.1.0"
"2/20/2021","11890542","1613779785","414058583058","3.1.0"
"2/21/2021","11897047","1613866173","414775152918","3.1.0"
"2/22/2021","11903524","1613952594","414749365180","3.1.0"
"2/23/2021","11910014","1614038994","416812392592","3.1.0"
"2/24/2021","11916516","1614125376","415916372433","3.1.0"
"2/25/2021","11922988","1614211795","416562755878","3.1.0"
"2/26/2021","11929497","1614298194","417866657430","3.1.0"
"2/27/2021","11936044","1614384585","417494682951","3.1.0"
"2/28/2021","11942549","1614470965","418055783224","3.1.0"
"3/1/2021","11948999","1614557383","418531936718","3.1.0"
"3/2/2021","11955479","1614643785","418796176152","3.1.0"
"3/3/2021","11962018","1614730186","419577857351","3.1.0"
"3/4/2021","11968431","1614816587","419885737995","3.1.0"
"3/5/2021","11974956","1614902993","422046858416","3.1.0"
"3/6/2021","11981476","1614989358","420950172366","3.1.0"
"3/7/2021","11988049","1615075782","421441679420","3.1.0"
"3/8/2021","11994521","1615162172","421959378634","3.1.0"
"3/9/2021","12001011","1615248582","422543801991","3.1.0"
"3/10/2021","12007452","1615334987","423042617269","3.1.0"
"3/11/2021","12013987","1615421374","423589400577","3.1.0"
"3/12/2021","12020402","1615507755","424270936997","3.1.0"
"3/13/2021","12026870","1615594182","424638388292","3.1.0"
"3/14/2021","12033388","1615680579","425508400320","3.1.0"
"3/15/2021","12039900","1615766972","426028382311","3.1.0"
"3/16/2021","12046348","1615853384","426605578533","3.1.0"
"3/17/2021","12052848","1615939783","427085149775","3.1.0"
"3/18/2021","12059342","1616026197","427536381639","3.1.0"
"3/19/2021","12065847","1616112555","427967958478","3.1.0"
"3/20/2021","12072345","1616198957","428711485497","3.1.0"
"3/21/2021","12078870","1616285367","429027671076","3.1.0"
"3/22/2021","12085305","1616371713","429750868041","3.1.0"
"3/23/2021","12091983","1616460581","430329742360","3.1.0"
"3/24/2021","12098285","1616544578","430612701015","3.1.0"
"3/25/2021","12104785","1616630971","431539663509","3.1.0"
"3/26/2021","12111299","1616717380","431766637078","3.1.0"
"3/27/2021","12117825","1616803749","431884143639","3.1.0"
"3/28/2021","12124317","1616890171","432367053267","3.1.0"
"3/29/2021","12130809","1616976584","432886453959","3.1.0"
"3/30/2021","12137320","1617062987","433580739646","3.1.0"
"3/31/2021","12143838","1617149375","434238057644","3.1.0"
"4/1/2021","12150289","1617235783","434574112635","3.1.0"
"4/2/2021","12156795","1617322182","435142227731","3.1.0"
"4/3/2021","12163261","1617408587","435976064871","3.1.0"
"4/4/2021","12169774","1617494952","436321728463","3.1.0"
"4/4/2021","12176224","1617579802","437046210940","3.1.0"
"4/6/2021","12182861","1617667772","437361541340","3.1.0"
"4/7/2021","12189341","1617754180","437888897630","3.1.0"
"4/8/2021","12195882","1617840563","438098823132","3.1.0"
"4/9/2021","12202329","1617926989","438664287061","3.1.0"
"4/10/2021","12208804","1618013374","439431309696","3.1.0"
"4/11/2021","12215364","1618099793","439857287161","3.1.0"
"4/12/2021","12221911","1618186191","440488695247","3.2.1"
"4/13/2021","12228436","1618272594","441666008882","3.2.1"
"4/14/2021","12234897","1618358971","441479779110","3.2.1"
"4/15/2021","12241349","1618445363","442195985799","3.2.1"
"4/16/2021","12247849","1618531787","443816665795","3.2.3"
"4/17/2021","12254291","1618618199","443314174881","3.2.3"
"4/18/2021","12260761","1618704569","443916248264","3.2.4"
"4/19/2021","12267261","1618790996","443949262024","3.2.4"
"4/20/2021","12273659","1618877384","444911435934","3.2.4"
"4/21/2021","12280232","1618963792","445285493778","3.2.4"
"4/22/2021","12286762","1619050174","447477642193","3.2.4"
"4/23/2021","12293176","1619136591","447250255120","3.2.4"
"4/24/2021","12299625","1619222981","447300569611","3.2.4"
"4/25/2021","12306123","1619309396","447674625366","3.2.4"
"4/26/2021","12312631","1619395789","448324184946","3.2.4"
"4/27/2021","12319086","1619482167","448975716302","3.2.4"
"4/28/2021","12325599","1619568594","449746234377","3.2.4"
"4/29/2021","12332069","1619654987","450447437787","3.2.4"
"4/30/2021","12338548","1619741387","450767230320","3.2.4"
"5/1/2021","12344991","1619827780","451576185327","3.2.4"
"5/2/2021","12351482","1619914181","452154322795","3.2.4"
"5/3/2021","12357890","1620000564","452906219936","3.2.4"
"5/4/2021","12364401","1620086974","453223633149","3.2.4"
"5/5/2021","12370900","1620173342","453803861492","3.2.4"
"5/6/2021","12377424","1620259755","454548708000","3.2.4"
"5/7/2021","12383886","1620346179","455233223520","3.2.4"
"5/8/2021","12390326","1620432572","455543772044","3.2.4"
"5/9/2021","12396817","1620518983","456400078565","3.2.4"
"5/10/2021","12403308","1620605394","457046820991","3.2.4"
"5/11/2021","12409819","1620691738","457527158820","3.2.4"
"5/12/2021","12416268","1620778188","458145939057","3.2.4"
"5/13/2021","12422710","1620864588","458672856932","3.2.4"
"5/14/2021","12429240","1620950971","459440876400","3.2.4"
"5/15/2021","12435722","1621037385","460111365431","3.2.4"
"5/16/2021","12442202","1621123798","460359049762","3.2.4"
"5/17/2021","12448646","1621210196","461285356126","3.2.4"
"5/18/2021","12455065","1621296588","461826231460","3.2.4"
"5/19/2021","12461543","1621382975","462548820155","3.2.4"
"5/20/2021","12467955","1621469393","463636483113","3.2.4"
"5/21/2021","12474423","1621555740","464100013536","3.2.4"
"5/22/2021","12480826","1621642137","465894800674","3.2.4"
"5/23/2021","12487280","1621728574","464754171199","3.2.4"
"5/24/2021","12493746","1621814976","465710716723","3.2.4"
"5/25/2021","12500237","1621901382","466132968658","3.2.4"
"5/26/2021","12506630","1621987757","466820509054","3.2.4"
"5/27/2021","12513069","1622074100","466928211121","3.2.4"
"5/28/2021","12519494","1622160517","467787754270","3.2.4"
"5/29/2021","12525962","1622246975","468249463317","3.2.4"
"5/30/2021","12532417","1622333376","468691140965","3.2.4"
"5/31/2021","12538832","1622419755","469400011364","3.2.4"
"6/1/2021","12545269","1622506198","470163152390","3.2.4"
"6/2/2021","12551741","1622592592","470641266908","3.2.4"
"6/3/2021","12558251","1622678995","471036091742","3.2.4"
"6/4/2021","12564647","1622765391","471683584434","3.2.4"
"6/5/2021","12571173","1622851795","472593471275","3.2.4"
"6/6/2021","12577602","1622938191","472861139049","3.2.4"
"6/7/2021","12584139","1623024578","473495432694","3.2.4"
"6/8/2021","12590575","1623110993","473795327071","3.2.4"
"6/9/2021","12597041","1623197372","474194312068","3.2.4"
"6/10/2021","12603470","1623283760","474730537943","3.2.4"
"6/11/2021","12609943","1623370185","476536180458","3.2.4"
"6/12/2021","12616397","1623456583","476038959640","3.2.4"
"6/13/2021","12622824","1623542988","476348196603","3.2.4"
"6/14/2021","12629303","1623629383","478580522876","3.2.4"
"6/15/2021","12635728","1623715785","477593035283","3.2.4"
"6/16/2021","12642237","1623802184","478152736715","3.2.4"
"6/17/2021","12648636","1623888520","478618627177","3.2.4"
"6/18/2021","12655116","1623974957","479115884288","3.2.4"
"6/19/2021","12661518","1624061397","479570365618","3.2.4"
"6/20/2021","12667941","1624147740","480393948772","3.2.4"
"6/21/2021","12674402","1624234185","481259658029","3.2.4"
"6/22/2021","12680725","1624320576","481649696719","3.2.4"
"6/23/2021","12687176","1624406999","483312298617","3.2.4"
"6/24/2021","12693590","1624493368","482623415880","3.2.4"
"6/25/2021","12700009","1624579786","483066010982","3.2.4"
"6/26/2021","12706352","1624666198","483606672724","3.2.4"
"6/27/2021","12712772","1624752587","484367547153","3.2.4"
"6/28/2021","12719238","1624838985","484779304573","3.2.4"
"6/29/2021","12725683","1624925363","485474654634","3.2.4"
"6/30/2021","12732087","1625011727","485906398412","3.2.4"
"7/1/2021","12738554","1625098163","486549994421","3.2.4"
"7/2/2021","12744897","1625184592","486835612988","3.2.4"
"7/3/2021","12751341","1625270999","487444822803","3.2.4"
"7/4/2021","12757758","1625357372","488034231159","3.2.4"
"7/5/2021","12764217","1625443787","488607200401","3.2.4"
"7/6/2021","12770628","1625530183","489474610566","3.2.4"
"7/7/2021","12777059","1625616565","489791084719","3.2.4"
"7/8/2021","12783461","1625702989","490414502291","3.2.4"
"7/9/2021","12789891","1625789347","490879304960","3.2.4"
"7/10/2021","12796311","1625875788","491483267545","3.2.4"
"7/11/2021","12802750","1625962184","492089307952","3.2.4"
"7/12/2021","12809177","1626048579","492302772375","3.2.4"
"7/13/2021","12815560","1626134966","493274856582","3.2.4"
"7/14/2021","12821852","1626221392","493769818316","3.2.4"
"7/15/2021","12828238","1626307782","494253780076","3.2.4"
"7/16/2021","12834680","1626394174","494832798072","3.2.4"
"7/17/2021","12841014","1626480569","495686291242","3.2.4"
"7/18/2021","12847360","1626566962","495820519655","3.2.4"
"7/19/2021","12853730","1626653380","496517455179","3.2.4"
"7/20/2021","12860172","1626739780","497181164528","3.2.4"
"7/21/2021","12866502","1626826180","497511701577","3.2.4"
"7/22/2021","12872929","1626912599","498116435952","3.2.4"
"7/23/2021","12879358","1626998986","498969042586","3.2.4"
"7/24/2021","12885695","1627085390","499311263560","3.2.4"
"7/25/2021","12892153","1627171772","500060245137","3.2.4"
"7/26/2021","12898554","1627258158","500668604172","3.3.0"
"7/27/2021","12904903","1627344587","501211925692","3.3.0"
"7/28/2021","12911166","1627430986","501925174532","3.3.0"
"7/29/2021","12917462","1627517380","502369890464","3.3.0"
"7/30/2021","12923802","1627603774","503029215021","3.3.0"
"7/31/2021","12930075","1627690170","503706445525","3.3.0"
"8/1/2021","12936385","1627776582","503942826834","3.3.0"
"8/2/2021","12942699","1627862972","504720539658","3.3.0"
"8/3/2021","12949102","1627949367","505187506812","3.3.0"
"8/4/2021","12955440","1628035776","505912679999","3.3.0"
"8/5/2021","12961761","1628122195","506346649435","3.3.0"
"8/6/2021","12968120","1628208594","507579110055","3.3.0"
"8/7/2021","12974565","1628294962","507606863681","3.3.0"
"8/8/2021","12981108","1628381366","508276899905","3.3.0"
"8/9/2021","12987604","1628467704","510443208747","3.3.0"
"8/10/2021","12994108","1628554176","509872499101","3.3.0"
"8/11/2021","13000611","1628640576","510238691912","3.3.0"
"8/12/2021","13007028","1628726984","511012212513","3.3.0"
"8/13/2021","13013529","1628813369","511498719325","3.3.0"
"8/14/2021","13019998","1628899782","512243839253","3.3.0"
"8/15/2021","13026504","1628986156","512808918700","3.3.0"
"8/16/2021","13032923","1629072601","513587392847","3.3.0"
"8/17/2021","13039434","1629158992","514090520775","3.3.0"
"8/18/2021","13045932","1629245397","514502014023","3.3.0"
"8/19/2021","13052333","1629331773","515111690277","3.3.0"
"8/20/2021","13059382","1629425373","515809850919","3.3.0"
"8/21/2021","13065365","1629504588","516791254359","3.3.0"
"8/22/2021","13071790","1629590985","517106311674","3.3.0"
"8/23/2021","13078314","1629677371","517866492861","3.3.0"
"8/24/2021","13084725","1629763764","518361960634","3.3.0"
"8/25/2021","13091224","1629850135","519228211006","3.3.0"
"8/26/2021","13097680","1629936567","519669400088","3.3.0"
"8/27/2021","13104158","1630022964","520672092250","3.3.0"
"8/28/2021","13110599","1630109402","521620936103","3.3.0"
"8/29/2021","13117053","1630195778","521672769608","3.3.0"
"8/30/2021","13123544","1630282114","522556647167","3.3.0"
"8/31/2021","13130019","1630368585","522924419282","3.3.0"
"9/1/2021","13136464","1630454979","523421839465","3.3.0"
"9/2/2021","13142919","1630541253","525579214764","3.3.0"
"9/3/2021","13149464","1630627795","526259668698","3.3.0"
"9/4/2021","13155930","1630714127","525366680159","3.3.0"
"9/5/2021","13162373","1630800610","526122178129","3.3.0"
"9/6/2021","13168893","1630886985","526689881008","3.3.0"
"9/7/2021","13175354","1630973386","527410477654","3.3.0"
"9/8/2021","13181765","1631059780","528217571191","3.3.0"
"9/9/2021","13188255","1631146192","529052278603","3.3.0"
"9/10/2021","13195587","1631244583","529437670333","3.3.0"
"9/11/2021","13201192","1631318984","529894646100","3.3.0"
"9/12/2021","13207578","1631405374","530916755017","3.3.0"
"9/13/2021","13214122","1631491776","531464038856","3.3.0"
"9/14/2021","13220531","1631578166","532003728560","3.3.0"
"9/15/2021","13226996","1631664587","532586883746","3.3.0"
"9/16/2021","13233456","1631750993","533321692287","3.3.0"
"9/17/2021","13239939","1631837387","533833356562","3.3.0"
"9/18/2021","13246398","1631923790","534607947033","3.3.0"
"9/19/2021","13252860","1632010165","535036734633","3.3.0"
"9/20/2021","13259373","1632096589","535652188707","3.3.0"
"9/21/2021","13265801","1632182963","536422215089","3.3.0"
"9/22/2021","13272289","1632269351","537097628672","3.3.0"
"9/23/2021","13278730","1632355772","537966816925","3.3.0"
"9/24/2021","13285141","1632442167","538510645818","3.3.0"
"9/25/2021","13291603","1632528571","539262370723","3.3.0"
"9/26/2021","13298164","1632614985","539795179969","3.3.0"
"9/27/2021","13304578","1632701382","540212792031","3.3.0"
"9/28/2021","13311039","1632787795","541077561887","3.3.0"
"9/29/2021","13317388","1632874184","541584030812","3.3.0"
"9/30/2021","13323793","1632960574","542411525064","3.3.0"
"10/1/2021","13330131","1633047001","542962466605","3.3.0"
"10/2/2021","13336615","1633133379","543683033360","3.3.0"
"10/3/2021","13343009","1633219789","544227552106","3.3.0"
"10/4/2021","13349378","1633306148","544689195523","3.3.0"
"10/5/2021","13355750","1633392575","545151608515","3.3.0"
"10/6/2021","13362139","1633478983","546176956633","3.3.0"
"10/7/2021","13368576","1633565361","546881886324","3.3.0"
"10/8/2021","13374899","1633651771","547355439813","3.3.0"
"10/9/2021","13381314","1633738201","548211045377","3.3.0"
"10/10/2021","13387675","1633824558","550409172653","3.3.0"
"10/11/2021","13394033","1633910960","549658584806","3.3.0"
"10/12/2021","13400416","1633997368","550043842831","3.3.0"
"10/13/2021","13406769","1634083801","550756352640","3.3.0"
"10/14/2021","13413103","1634170186","551260127412","3.3.0"
"10/15/2021","13419410","1634256591","552080892258","3.3.0"
"10/16/2021","13425739","1634342993","552680652260","3.3.0"
"10/17/2021","13432186","1634429344","553402298826","3.3.0"
"10/18/2021","13438567","1634515765","553799298189","3.3.0"
"10/19/2021","13444885","1634602162","554455328780","3.3.0"
"10/20/2021","13451320","1634688580","555297960388","3.3.0"
"10/21/2021","13457682","1634774982","555975777830","3.3.0"
"10/22/2021","13464169","1634861381","556517639623","3.3.0"
"10/23/2021","13470584","1634947778","557088976507","3.3.0"
"10/24/2021","13476921","1635034178","557941302497","3.3.0"
"10/25/2021","13483290","1635120568","558244990964","3.3.0"
"10/26/2021","13489714","1635206959","559270641094","3.3.0"
"10/27/2021","13496131","1635293384","559731718900","3.3.0"
"10/28/2021","13502465","1635379754","560385353048","3.3.0"
"10/29/2021","13508872","1635466185","561149460679","3.3.0"
"10/30/2021","13515242","1635552598","561651377343","3.3.0"
"10/31/2021","13521571","1635638993","562118698050","3.3.0"
"11/1/2021","13527904","1635725381","562535956646","3.3.0"
"11/2/2021","13534333","1635811780","563429573798","3.3.0"
"11/3/2021","13540626","1635898183","564082477369","3.3.0"
"11/4/2021","13547005","1635984583","564728260413","3.3.0"
"11/5/2021","13553289","1636070994","565544742560","3.3.0"
"11/6/2021","13559742","1636157377","565723172256","3.3.0"
"11/7/2021","13566096","1636243791","566567883735","3.3.0"
"11/8/2021","13572528","1636330154","567369043996","3.3.0"
"11/9/2021","13578888","1636416587","567787834478","3.3.0"
"11/10/2021","13585254","1636502968","568692562433","3.3.0"
"11/11/2021","13591637","1636589416","569152987605","3.3.0"
"11/12/2021","13598019","1636675786","569562123911","3.3.0"
"11/13/2021","13604420","1636762183","570543519364","3.3.0"
"11/14/2021","13610760","1636848566","570880951794","3.3.0"
"11/15/2021","13617098","1636934996","571688161928","3.3.0"
"11/16/2021","13623419","1637021350","572000318113","3.3.0"
"11/17/2021","13629675","1637107794","572867198370","3.3.0"
"11/18/2021","13636067","1637194152","573442445841","3.3.0"
"11/19/2021","13642441","1637280564","574332454272","3.3.0"
"11/20/2021","13648664","1637366964","574830879195","3.3.0"
"11/21/2021","13654965","1637453326","575590376452","3.3.0"
"11/22/2021","13661255","1637539770","576474426904","3.3.0"
"11/23/2021","13667611","1637626172","576512183895","3.3.0"
"11/24/2021","13673955","1637712585","577344770327","3.3.0"
"11/25/2021","13680268","1637798993","577506220664","3.3.0"
"11/26/2021","13686563","1637885374","578551090018","3.3.0"
"11/27/2021","13692782","1637971783","579190180974","3.3.0"
"11/28/2021","13699166","1638058176","579696596098","3.3.0"
"11/29/2021","13705423","1638144563","580359466648","3.3.0"
"11/30/2021","13711626","1638230986","581270315253","3.3.0"
"12/1/2021","13717878","1638317389","581937789128","3.3.0"
"12/2/2021","13724121","1638403784","582445504282","3.3.0"
"12/3/2021","13730365","1638490184","583227183124","3.3.0"
"12/4/2021","13736667","1638576587","583427312535","3.3.0"
"12/5/2021","13742829","1638662988","584437136146","3.3.0"
"12/6/2021","13749071","1638749392","585177075042","3.3.0"
"12/7/2021","13755345","1638835788","585930839676","3.3.0"
"12/8/2021","13761613","1638922181","586404051864","3.3.0"
"12/9/2021","13767827","1639008583","586932084785","3.3.0"
"12/10/2021","13774109","1639094896","588177277888","3.3.0"
"12/11/2021","13780539","1639181388","588243850086","3.3.0"
"12/12/2021","13787037","1639267761","588609537570","3.3.0"
"12/13/2021","13793565","1639354172","589256602813","3.3.0"
"12/14/2021","13800032","1639440495","591024072323","3.3.0"
"12/15/2021","13806429","1639526907","590649128984","3.3.0"
"12/16/2021","13812914","1639613385","591383576060","3.3.0"
"12/17/2021","13819311","1639699780","591789923445","3.3.0"
"12/18/2021","13825771","1639786194","594228192652","3.3.0"
"12/19/2021","13832277","1639872559","593246117899","3.3.0"
"12/20/2021","13838728","1639958974","593863148423","3.3.0"
"12/21/2021","13845274","1640045369","595103774140","3.3.0"
"12/22/2021","13851716","1640131724","594992856010","3.3.0"
"12/23/2021","13858153","1640218153","595494879823","3.3.0"
"12/24/2021","13864566","1640304586","596028393987","3.3.0"
"12/25/2021","13871025","1640390937","597330745356","3.3.0"
"12/26/2021","13877507","1640477362","598229591162","3.3.0"
"12/27/2021","13883956","1640563694","598333057726","3.3.0"
"12/28/2021","13890424","1640650086","598749982954","3.3.0"
"12/29/2021","13896874","1640736527","599535723724","3.3.0"
"12/30/2021","13903388","1640822985","599810803886","3.3.0"
"12/31/2021","13909824","1640909380","600979437794","3.3.0"
"1/1/2022","13916219","1640995790","601247533243","3.3.0"
"1/2/2022","13922713","1641082167","602465020468","3.3.0"
"1/3/2022","13929209","1641168574","602928874903","3.3.0"
"1/4/2022","13935678","1641254989","603845515333","3.3.0"
"1/5/2022","13942151","1641341387","604168679544","3.3.0"
"1/6/2022","13948628","1641427762","605049679209","3.3.0"
"1/7/2022","13955017","1641514187","605218473784","3.3.0"
"1/8/2022","13961449","1641600562","606468802015","3.3.0"
"1/9/2022","13967968","1641686978","606778786460","3.3.0"
"1/10/2022","13974473","1641773384","607453030796","3.3.0"
"1/11/2022","13980900","1641859771","608226505820","3.3.0"
"1/12/2022","13987427","1641946171","609036677223","3.3.0"
"1/13/2022","13993867","1642032586","609287917568","3.3.0"
"1/14/2022","14000312","1642118998","609942772690","3.3.0"
"1/15/2022","14006747","1642205351","610428506480","3.3.0"
"1/16/2022","14013229","1642291677","611318269518","3.3.0"
"1/17/2022","14019738","1642378036","612106098763","3.3.0"
"1/18/2022","14026210","1642464573","612763074331","3.3.0"
"1/19/2022","14032671","1642550985","613258297012","3.3.0"
"1/20/2022","14039148","1642637379","613652710830","3.3.0"
"1/21/2022","14045637","1642723756","614362904632","3.3.0"
"1/22/2022","14052032","1642810186","615042279875","3.3.0"
"1/23/2022","14058586","1642896562","615565786711","3.3.0"
"1/24/2022","14065036","1642982966","616358611849","3.3.0"
"1/25/2022","14071484","1643069333","617104297768","3.3.0"
"1/26/2022","14077940","1643155760","617521060412","3.3.0"
"1/27/2022","14084370","1643242157","619175668379","3.3.0"
"1/28/2022","14090867","1643328576","619803989604","3.3.0"
"1/29/2022","14097344","1643414981","619882451545","3.3.0"
"1/30/2022","14103794","1643501384","620371382972","3.3.0"
"1/31/2022","14110341","1643587773","620964773676","3.3.0"
"2/1/2022","14116811","1643674193","621755264529","3.3.0"
"2/2/2022","14123300","1643760575","622718237896","3.3.0"
"2/3/2022","14129766","1643846981","622844623962","3.3.0"
"2/4/2022","14136173","1643933312","623657088633","3.3.0"
"2/5/2022","14142739","1644019783","624512710980","3.3.0"
"2/6/2022","14149115","1644106162","624797642603","3.3.0"
"2/7/2022","14155663","1644192582","625476785151","3.3.0"
"2/8/2022","14162130","1644278942","626621083442","3.3.0"
"2/9/2022","14168560","1644365353","627042906190","3.3.0"
"2/10/2022","14175023","1644451788","627649257013","3.3.0"
"2/11/2022","14181461","1644538169","628295402450","3.3.0"
"2/12/2022","14187987","1644624583","630092947854","3.3.0"
"2/13/2022","14194460","1644710986","629405457967","3.3.0"
"2/14/2022","14200929","1644797380","631258068273","3.3.0"
"2/15/2022","14207384","1644883765","630891092489","3.3.0"
"2/16/2022","14213895","1644970127","631559544376","3.3.0"
"2/17/2022","14220312","1645056574","632159631943","3.3.0"
"2/18/2022","14226802","1645142968","633253832731","3.3.0"
"2/19/2022","14233210","1645229391","633530184350","3.3.0"
"2/20/2022","14239606","1645315762","634160230761","3.3.0"
"2/21/2022","14246130","1645402190","634919654827","3.3.0"
"2/22/2022","14252565","1645488542","636617799114","3.3.0"
"2/23/2022","14259032","1645574979","635952953668","3.3.0"
"2/24/2022","14265510","1645661338","636508259027","3.3.0"
"2/25/2022","14272000","1645747771","636974957978","3.3.0"
"2/26/2022","14278433","1645834164","638081615960","3.3.0"
"2/27/2022","14284897","1645920533","638372899921","3.3.0"
"2/28/2022","14291372","1646006966","640676087668","3.3.0"
"3/1/2022","14297798","1646093359","639763611941","3.3.0"
"3/2/2022","14304301","1646179718","640814745019","3.3.0"
"3/3/2022","14310704","1646266166","642506386446","3.3.0"
"3/4/2022","14317140","1646352477","641447949926","3.3.0"
"3/5/2022","14323637","1646438929","642708628605","3.3.0"
"3/6/2022","14330016","1646525379","643645715790","3.3.0"
"3/7/2022","14336435","1646611787","643714753462","3.3.0"
"3/8/2022","14342889","1646698138","644212979993","3.3.0"
"3/9/2022","14349285","1646784557","644817236950","3.3.0"
"3/10/2022","14355786","1646870942","645661278076","3.3.0"
"3/11/2022","14362283","1646957388","646473681426","3.3.0"
"3/12/2022","14368605","1647043756","647836033476","3.3.0"
"3/13/2022","14375115","1647130133","647850234551","3.3.0"
"3/14/2022","14381439","1647216585","649831326141","3.3.0"
"3/15/2022","14387910","1647302965","648509876909","3.3.0"
"3/16/2022","14394297","1647389392","649213278634","3.3.0"
"3/17/2022","14400701","1647475759","649856245841","3.3.0"
"3/18/2022","14407121","1647562142","650245727187","3.3.0"
"3/19/2022","14413529","1647648547","651086335745","3.3.0"
"3/20/2022","14419986","1647734966","651714784608","3.3.0"
"3/21/2022","14426415","1647821358","652410926589","3.3.0"
"3/22/2022","14432818","1647907761","653015735836","3.3.0"
"3/23/2022","14439258","1647994173","654868923340","3.3.0"
"3/24/2022","14445697","1648080585","654568595065","3.3.0"
"3/25/2022","14452124","1648166958","654830164668","3.3.0"
"3/26/2022","14458545","1648253376","655728659692","3.3.0"
"3/27/2022","14464952","1648339730","656134945322","3.3.0"
"3/28/2022","14471353","1648426180","657035518653","3.3.0"
"3/29/2022","14477822","1648512556","657268565573","3.3.0"
"3/30/2022","14484267","1648598958","657784030034","3.3.0"
"3/31/2022","14490661","1648685364","658527475337","3.3.0"
"4/1/2022","14497082","1648771768","659115715539","3.3.0"
"4/2/2022","14503507","1648858174","659740331553","3.3.0"
"4/3/2022","14509862","1648944504","660383996319","3.3.0"
"4/4/2022","14516287","1649030993","662593479688","3.3.0"
"4/5/2022","14522617","1649117376","661637402084","3.3.0"
"4/6/2022","14529042","1649203772","662929735089","3.3.0"
"4/7/2022","14535466","1649290184","662841062848","3.3.0"
"4/8/2022","14541892","1649376589","663760279125","3.3.0"
"4/9/2022","14548221","1649462949","664134190227","3.3.0"
"4/10/2022","14554655","1649549371","665970349129","3.3.0"
"4/11/2022","14561061","1649635729","666260712197","3.3.0"
"4/12/2022","14567497","1649722144","666072035973","3.3.0"
"4/13/2022","14573947","1649808555","667445903019","3.3.0"
"4/14/2022","14580272","1649894949","667463409833","3.3.0"
"4/15/2022","14586672","1649981382","668723619649","3.3.0"
"4/16/2022","14593086","1650067789","669906998710","3.3.0"
"4/17/2022","14599512","1650154133","669623587454","3.3.0"
"4/18/2022","14605929","1650240575","670258876838","3.3.0"
"4/19/2022","14612287","1650326989","670655267422","3.3.0"
"4/19/2022","14618638","1650412656","672095316068","3.3.0"
"4/21/2022","14625110","1650499777","672035677386","3.3.0"
"4/22/2022","14631402","1650586177","672356121382","3.3.0"
"4/23/2022","14637810","1650672530","672956409112","3.3.0"
"4/24/2022","14644186","1650758972","673767144130","3.3.0"
"4/25/2022","14650560","1650845351","674304329689","3.3.0"
"4/26/2022","14656885","1650931779","675068673026","3.3.0"
"4/27/2022","14663217","1651018168","675635718641","3.3.0"
"4/28/2022","14669595","1651104504","676229617956","3.3.0"
"4/29/2022","14675950","1651190990","676635779714","3.3.0"
"4/30/2022","14682317","1651277328","677649580123","3.3.0"
"5/1/2022","14688673","1651363761","679023810015","3.3.0"
"5/2/2022","14695055","1651450175","679063093416","3.3.0"
"5/3/2022","14701407","1651536579","680275057393","3.3.0"
"5/4/2022","14707750","1651622987","680212619488","3.3.0"
"5/5/2022","14713992","1651709381","680705302495","3.3.0"
"5/6/2022","14720294","1651795766","681494367673","3.3.0"
"5/7/2022","14726602","1651882169","682544492623","3.3.0"
"5/8/2022","14732865","1651968581","682874292491","3.3.0"
"5/9/2022","14739197","1652054978","683775016180","3.3.0"
"5/10/2022","14745387","1652141338","684264244526","3.3.0"
"5/11/2022","14751601","1652227756","684805775790","3.3.0"
"5/12/2022","14757936","1652314165","685423841568","3.3.0"
"5/13/2022","14764135","1652400592","686055189233","3.3.0"
"5/14/2022","14770488","1652486950","687733203296","3.3.0"
"5/15/2022","14776738","1652573376","687293466597","3.3.0"
"5/16/2022","14783027","1652659785","687920852111","3.3.0"
"5/17/2022","14789310","1652746177","688561949394","3.3.0"
"5/18/2022","14795597","1652832556","689404016172","3.3.0"
"5/19/2022","14801831","1652918947","690079745045","3.3.0"
"5/20/2022","14807952","1653005371","690538150688","3.3.0"
"5/21/2022","14814101","1653091772","691312989978","3.3.0"
"5/22/2022","14820260","1653178187","693313277403","3.3.0"
"5/23/2022","14826391","1653264575","692613622980","3.3.0"
"5/24/2022","14832595","1653350963","693132654698","3.3.0"
"5/25/2022","14838692","1653437380","694168004437","3.3.0"
"5/26/2022","14844843","1653523784","694414382323","3.3.0"
"5/27/2022","14850941","1653610170","695037738830","3.3.0"
"5/28/2022","14857143","1653696515","695591577388","3.3.0"
"5/29/2022","14863317","1653782987","697725727234","3.3.0"
"5/30/2022","14869475","1653869369","696834220741","3.3.0"
"5/31/2022","14875565","1653955762","697398059498","3.3.0"
"6/1/2022","14881714","1654042191","698492165497","3.3.0"
"6/2/2022","14887831","1654128609","699856692400","3.3.0"
"6/3/2022","14893990","1654214911","700094857439","3.3.0"
"6/4/2022","14900130","1654301398","700397456783","3.3.0"
"6/5/2022","14906032","1654387794","700818479143","3.3.0"
"6/6/2022","14911964","1654474129","701667112909","3.3.0"
"6/7/2022","14917761","1654560533","702031844269","3.3.0"
"6/8/2022","14923723","1654646928","702786854838","3.3.0"
"6/9/2022","14929605","1654733382","703802907084","3.3.0"
"6/10/2022","14935419","1654819785","704081211451","3.3.0"
"6/11/2022","14941301","1654906162","705071515675","3.3.0"
"6/12/2022","14947179","1654992586","705523717019","3.3.0"
"6/13/2022","14953016","1655078937","705849714505","3.3.0"
"6/14/2022","14958847","1655165359","707091077006","3.3.0"
"6/15/2022","14964587","1655251738","707141228006","3.3.0"
"6/16/2022","14970339","1655338180","708772461606","3.3.0"
"6/17/2022","14976159","1655424583","709387129219","3.3.0"
"6/18/2022","14982038","1655510974","709481800469","3.3.0"
"6/19/2022","14987842","1655597326","709640319912","3.3.0"
"6/20/2022","14993562","1655683775","710183672452","3.3.0"
"6/21/2022","14999440","1655770195","710976717825","3.3.0"
"6/22/2022","15004884","1655856567","711461870166","3.3.0"
"6/23/2022","15010247","1655942967","712044086131","3.3.0"
"6/24/2022","15015559","1656029390","712701526622","3.3.0"
"6/25/2022","15020912","1656115741","713185898261","3.3.0"
"6/26/2022","15026266","1656202174","715107923365","3.3.0"
"6/27/2022","15031582","1656288556","714445332527","3.3.0"
"6/28/2022","15036981","1656374964","715004724133","3.3.0"
"6/29/2022","15042300","1656461352","715661509391","3.3.0"
"6/30/2022","15047626","1656547655","716457528718","3.3.0"
